epoch,train_loss,valid_loss
1,0.37865894394261496,1.2235954447490414
2,0.3719092161388871,0.3103940535972758
3,0.378493941348532,0.32186510831844517
